time,nExpID,input_apap,input_bmp2,input_dcf,input_il6,input_noggin,pSMAD_wb_scaled,tpSTAT3_wb_scaled,cpSTAT3_wb_scaled,npSTAT3_wb_scaled,on_Gel_scaled,ctSTAT3_wb_scaled,ntSTAT3_wb_scaled,Fraction,experiment
0,1,0,0,0,0,0,9.004603e+00,NaN,NaN,NaN,NaN,NaN,NaN,NaN,Anja_2019_03
20,1,0,0,0,10,0,1.168397e+01,NaN,NaN,NaN,NaN,NaN,NaN,NaN,Anja_2019_03
40,1,0,0,0,10,0,1.458405e+01,NaN,NaN,NaN,NaN,NaN,NaN,NaN,Anja_2019_03
60,1,0,0,0,10,0,1.296021e+01,NaN,NaN,NaN,NaN,NaN,NaN,NaN,Anja_2019_03
90,1,0,0,0,10,0,1.503505e+01,NaN,NaN,NaN,NaN,NaN,NaN,NaN,Anja_2019_03
120,1,0,0,0,10,0,1.247757e+01,NaN,NaN,NaN,NaN,NaN,NaN,NaN,Anja_2019_03
20,1,0,0,500,10,0,1.766755e+01,NaN,NaN,NaN,NaN,NaN,NaN,NaN,Anja_2019_03
40,1,0,0,500,10,0,1.918052e+01,NaN,NaN,NaN,NaN,NaN,NaN,NaN,Anja_2019_03
60,1,0,0,500,10,0,2.127766e+01,NaN,NaN,NaN,NaN,NaN,NaN,NaN,Anja_2019_03
90,1,0,0,500,10,0,2.222018e+01,NaN,NaN,NaN,NaN,NaN,NaN,NaN,Anja_2019_03
120,1,0,0,500,10,0,2.334229e+01,NaN,NaN,NaN,NaN,NaN,NaN,NaN,Anja_2019_03
20,1,10,0,0,10,0,1.022922e+01,NaN,NaN,NaN,NaN,NaN,NaN,NaN,Anja_2019_03
40,1,10,0,0,10,0,1.890989e+01,NaN,NaN,NaN,NaN,NaN,NaN,NaN,Anja_2019_03
60,1,10,0,0,10,0,1.712169e+01,NaN,NaN,NaN,NaN,NaN,NaN,NaN,Anja_2019_03
90,1,10,0,0,10,0,2.456132e+01,NaN,NaN,NaN,NaN,NaN,NaN,NaN,Anja_2019_03
120,1,10,0,0,10,0,1.259857e+01,NaN,NaN,NaN,NaN,NaN,NaN,NaN,Anja_2019_03
0,3,0,0,0,10,0,NaN,NaN,NaN,NaN,NaN,NaN,2.547766e+01,Nuc,Anja_2016_22
0,3,0,0,0,10,0,NaN,NaN,NaN,NaN,NaN,8.495329e+01,NaN,Cyto,Anja_2016_22
20,3,0,0,0,10,0,NaN,NaN,NaN,NaN,NaN,1.143258e+02,NaN,Cyto,Anja_2016_22
100,3,0,0,0,10,0,NaN,NaN,NaN,NaN,NaN,8.722248e+01,NaN,Cyto,Anja_2016_22
120,3,0,0,0,10,0,NaN,NaN,NaN,NaN,NaN,8.665823e+01,NaN,Cyto,Anja_2016_22
140,3,0,0,0,10,0,NaN,NaN,NaN,NaN,NaN,9.569922e+01,NaN,Cyto,Anja_2016_22
160,3,0,0,0,10,0,NaN,NaN,NaN,NaN,NaN,1.106973e+02,NaN,Cyto,Anja_2016_22
180,3,0,0,0,10,0,NaN,NaN,NaN,NaN,NaN,9.041118e+01,NaN,Cyto,Anja_2016_22
200,3,0,0,0,10,0,NaN,NaN,NaN,NaN,NaN,9.414018e+01,NaN,Cyto,Anja_2016_22
20,3,0,0,500,10,0,NaN,NaN,NaN,NaN,NaN,1.072967e+02,NaN,Cyto,Anja_2016_22
100,3,0,0,500,10,0,NaN,NaN,NaN,NaN,NaN,8.710863e+01,NaN,Cyto,Anja_2016_22
120,3,0,0,500,10,0,NaN,NaN,NaN,NaN,NaN,9.297177e+01,NaN,Cyto,Anja_2016_22
140,3,0,0,500,10,0,NaN,NaN,NaN,NaN,NaN,9.363825e+01,NaN,Cyto,Anja_2016_22
160,3,0,0,500,10,0,NaN,NaN,NaN,NaN,NaN,8.807673e+01,NaN,Cyto,Anja_2016_22
180,3,0,0,500,10,0,NaN,NaN,NaN,NaN,NaN,7.870502e+01,NaN,Cyto,Anja_2016_22
200,3,0,0,500,10,0,NaN,NaN,NaN,NaN,NaN,8.659670e+01,NaN,Cyto,Anja_2016_22
0,4,0,0,0,10,0,NaN,NaN,NaN,NaN,NaN,NaN,1.699669e+01,Nuc,Anja_2016_22
0,4,0,0,0,10,0,NaN,NaN,NaN,NaN,NaN,5.186277e+01,NaN,Cyto,Anja_2016_22
20,4,0,0,0,10,0,NaN,NaN,NaN,NaN,NaN,NaN,2.439584e+01,Nuc,Anja_2016_22
100,4,0,0,0,10,0,NaN,NaN,NaN,NaN,NaN,NaN,2.270771e+01,Nuc,Anja_2016_22
120,4,0,0,0,10,0,NaN,NaN,NaN,NaN,NaN,NaN,1.723645e+01,Nuc,Anja_2016_22
140,4,0,0,0,10,0,NaN,NaN,NaN,NaN,NaN,NaN,1.484471e+01,Nuc,Anja_2016_22
160,4,0,0,0,10,0,NaN,NaN,NaN,NaN,NaN,NaN,1.392114e+01,Nuc,Anja_2016_22
180,4,0,0,0,10,0,NaN,NaN,NaN,NaN,NaN,NaN,1.808514e+01,Nuc,Anja_2016_22
200,4,0,0,0,10,0,NaN,NaN,NaN,NaN,NaN,NaN,1.869304e+01,Nuc,Anja_2016_22
20,4,0,0,500,10,0,NaN,NaN,NaN,NaN,NaN,NaN,2.558357e+01,Nuc,Anja_2016_22
100,4,0,0,500,10,0,NaN,NaN,NaN,NaN,NaN,NaN,1.115547e+01,Nuc,Anja_2016_22
120,4,0,0,500,10,0,NaN,NaN,NaN,NaN,NaN,NaN,2.166359e+01,Nuc,Anja_2016_22
140,4,0,0,500,10,0,NaN,NaN,NaN,NaN,NaN,NaN,1.782101e+01,Nuc,Anja_2016_22
160,4,0,0,500,10,0,NaN,NaN,NaN,NaN,NaN,NaN,1.263700e+01,Nuc,Anja_2016_22
180,4,0,0,500,10,0,NaN,NaN,NaN,NaN,NaN,NaN,1.169362e+01,Nuc,Anja_2016_22
200,4,0,0,500,10,0,NaN,NaN,NaN,NaN,NaN,NaN,1.655094e+01,Nuc,Anja_2016_22
0,5,0,0,0,10,0,NaN,NaN,NaN,NaN,NaN,NaN,8.558279e+00,Nuc,Anja_2016_25
0,5,0,0,0,10,0,NaN,NaN,NaN,NaN,NaN,2.307992e+01,NaN,Cyto,Anja_2016_25
20,5,0,0,0,10,0,NaN,NaN,NaN,NaN,NaN,1.403428e+01,NaN,Cyto,Anja_2016_25
100,5,0,0,0,10,0,NaN,NaN,NaN,NaN,NaN,2.377765e+01,NaN,Cyto,Anja_2016_25
120,5,0,0,0,10,0,NaN,NaN,NaN,NaN,NaN,2.261450e+01,NaN,Cyto,Anja_2016_25
140,5,0,0,0,10,0,NaN,NaN,NaN,NaN,NaN,1.718177e+01,NaN,Cyto,Anja_2016_25
160,5,0,0,0,10,0,NaN,NaN,NaN,NaN,NaN,2.061425e+01,NaN,Cyto,Anja_2016_25
180,5,0,0,0,10,0,NaN,NaN,NaN,NaN,NaN,1.988469e+01,NaN,Cyto,Anja_2016_25
200,5,0,0,0,10,0,NaN,NaN,NaN,NaN,NaN,2.043233e+01,NaN,Cyto,Anja_2016_25
20,5,0,0,500,10,0,NaN,NaN,NaN,NaN,NaN,1.307204e+01,NaN,Cyto,Anja_2016_25
100,5,0,0,500,10,0,NaN,NaN,NaN,NaN,NaN,2.049879e+01,NaN,Cyto,Anja_2016_25
120,5,0,0,500,10,0,NaN,NaN,NaN,NaN,NaN,1.858837e+01,NaN,Cyto,Anja_2016_25
140,5,0,0,500,10,0,NaN,NaN,NaN,NaN,NaN,2.382219e+01,NaN,Cyto,Anja_2016_25
160,5,0,0,500,10,0,NaN,NaN,NaN,NaN,NaN,2.440573e+01,NaN,Cyto,Anja_2016_25
180,5,0,0,500,10,0,NaN,NaN,NaN,NaN,NaN,2.377103e+01,NaN,Cyto,Anja_2016_25
200,5,0,0,500,10,0,NaN,NaN,NaN,NaN,NaN,2.289186e+01,NaN,Cyto,Anja_2016_25
0,5,0,0,0,10,0,NaN,NaN,NaN,NaN,NaN,1.754078e+01,NaN,Cyto,Anja_2016_25
0,6,0,0,0,10,0,NaN,NaN,NaN,NaN,NaN,NaN,5.085400e+00,Nuc,Anja_2016_25
20,6,0,0,0,10,0,NaN,NaN,NaN,NaN,NaN,NaN,5.159814e+00,Nuc,Anja_2016_25
100,6,0,0,0,10,0,NaN,NaN,NaN,NaN,NaN,NaN,6.705770e+00,Nuc,Anja_2016_25
120,6,0,0,0,10,0,NaN,NaN,NaN,NaN,NaN,NaN,5.431656e+00,Nuc,Anja_2016_25
140,6,0,0,0,10,0,NaN,NaN,NaN,NaN,NaN,NaN,6.898998e+00,Nuc,Anja_2016_25
160,6,0,0,0,10,0,NaN,NaN,NaN,NaN,NaN,NaN,7.593273e+00,Nuc,Anja_2016_25
180,6,0,0,0,10,0,NaN,NaN,NaN,NaN,NaN,NaN,6.779979e+00,Nuc,Anja_2016_25
200,6,0,0,0,10,0,NaN,NaN,NaN,NaN,NaN,NaN,8.131265e+00,Nuc,Anja_2016_25
20,6,0,0,500,10,0,NaN,NaN,NaN,NaN,NaN,NaN,6.685598e+00,Nuc,Anja_2016_25
100,6,0,0,500,10,0,NaN,NaN,NaN,NaN,NaN,NaN,4.873043e+00,Nuc,Anja_2016_25
120,6,0,0,500,10,0,NaN,NaN,NaN,NaN,NaN,NaN,7.389350e+00,Nuc,Anja_2016_25
140,6,0,0,500,10,0,NaN,NaN,NaN,NaN,NaN,NaN,5.740290e+00,Nuc,Anja_2016_25
160,6,0,0,500,10,0,NaN,NaN,NaN,NaN,NaN,NaN,6.234912e+00,Nuc,Anja_2016_25
180,6,0,0,500,10,0,NaN,NaN,NaN,NaN,NaN,NaN,6.636103e+00,Nuc,Anja_2016_25
200,6,0,0,500,10,0,NaN,NaN,NaN,NaN,NaN,NaN,4.156354e+00,Nuc,Anja_2016_25
0,8,0,0,0,10,0,NaN,NaN,NaN,1.036086e+01,NaN,NaN,NaN,Nuc,Anja_2016_4
0,8,0,0,0,10,0,NaN,NaN,1.282936e+01,NaN,NaN,NaN,NaN,Cyto,Anja_2016_4
20,8,0,0,0,10,0,NaN,NaN,6.136873e+01,NaN,NaN,NaN,NaN,Cyto,Anja_2016_4
100,8,0,0,0,10,0,NaN,NaN,1.537490e+01,NaN,NaN,NaN,NaN,Cyto,Anja_2016_4
120,8,0,0,0,10,0,NaN,NaN,1.448666e+01,NaN,NaN,NaN,NaN,Cyto,Anja_2016_4
140,8,0,0,0,10,0,NaN,NaN,2.615112e+01,NaN,NaN,NaN,NaN,Cyto,Anja_2016_4
160,8,0,0,0,10,0,NaN,NaN,2.873064e+01,NaN,NaN,NaN,NaN,Cyto,Anja_2016_4
180,8,0,0,0,10,0,NaN,NaN,2.399113e+01,NaN,NaN,NaN,NaN,Cyto,Anja_2016_4
200,8,0,0,0,10,0,NaN,NaN,3.091508e+01,NaN,NaN,NaN,NaN,Cyto,Anja_2016_4
20,8,0,0,500,10,0,NaN,NaN,5.440492e+01,NaN,NaN,NaN,NaN,Cyto,Anja_2016_4
100,8,0,0,500,10,0,NaN,NaN,9.821363e+00,NaN,NaN,NaN,NaN,Cyto,Anja_2016_4
120,8,0,0,500,10,0,NaN,NaN,4.785366e+00,NaN,NaN,NaN,NaN,Cyto,Anja_2016_4
140,8,0,0,500,10,0,NaN,NaN,6.676223e+00,NaN,NaN,NaN,NaN,Cyto,Anja_2016_4
160,8,0,0,500,10,0,NaN,NaN,5.115780e+00,NaN,NaN,NaN,NaN,Cyto,Anja_2016_4
180,8,0,0,500,10,0,NaN,NaN,7.068373e+00,NaN,NaN,NaN,NaN,Cyto,Anja_2016_4
200,8,0,0,500,10,0,NaN,NaN,5.313645e+00,NaN,NaN,NaN,NaN,Cyto,Anja_2016_4
0,9,0,0,0,10,0,NaN,NaN,NaN,3.510406e+00,NaN,NaN,NaN,Nuc,Anja_2016_4
20,9,0,0,0,10,0,NaN,NaN,NaN,3.525122e+01,NaN,NaN,NaN,Nuc,Anja_2016_4
100,9,0,0,0,10,0,NaN,NaN,NaN,5.400534e+00,NaN,NaN,NaN,Nuc,Anja_2016_4
120,9,0,0,0,10,0,NaN,NaN,NaN,1.026111e+01,NaN,NaN,NaN,Nuc,Anja_2016_4
140,9,0,0,0,10,0,NaN,NaN,NaN,1.035604e+01,NaN,NaN,NaN,Nuc,Anja_2016_4
160,9,0,0,0,10,0,NaN,NaN,NaN,8.480307e+00,NaN,NaN,NaN,Nuc,Anja_2016_4
180,9,0,0,0,10,0,NaN,NaN,NaN,1.253160e+01,NaN,NaN,NaN,Nuc,Anja_2016_4
200,9,0,0,0,10,0,NaN,NaN,NaN,8.478158e+00,NaN,NaN,NaN,Nuc,Anja_2016_4
0,9,0,0,0,10,0,NaN,NaN,1.016811e+01,NaN,NaN,NaN,NaN,Cyto,Anja_2016_4
20,9,0,0,500,10,0,NaN,NaN,NaN,4.032016e+01,NaN,NaN,NaN,Nuc,Anja_2016_4
100,9,0,0,500,10,0,NaN,NaN,NaN,5.291699e+00,NaN,NaN,NaN,Nuc,Anja_2016_4
120,9,0,0,500,10,0,NaN,NaN,NaN,5.237168e+00,NaN,NaN,NaN,Nuc,Anja_2016_4
140,9,0,0,500,10,0,NaN,NaN,NaN,4.531722e+00,NaN,NaN,NaN,Nuc,Anja_2016_4
160,9,0,0,500,10,0,NaN,NaN,NaN,3.186517e+00,NaN,NaN,NaN,Nuc,Anja_2016_4
180,9,0,0,500,10,0,NaN,NaN,NaN,2.514444e+00,NaN,NaN,NaN,Nuc,Anja_2016_4
200,9,0,0,500,10,0,NaN,NaN,NaN,4.533760e+00,NaN,NaN,NaN,Nuc,Anja_2016_4
0,10,0,0,0,10,0,NaN,NaN,NaN,1.048885e+00,NaN,NaN,NaN,Nuc,Anja_2016_22
0,10,0,0,0,10,0,NaN,NaN,2.688497e+00,NaN,NaN,NaN,NaN,Cyto,Anja_2016_22
20,10,0,0,0,10,0,NaN,NaN,2.507770e+01,NaN,NaN,NaN,NaN,Cyto,Anja_2016_22
100,10,0,0,0,10,0,NaN,NaN,4.022209e+00,NaN,NaN,NaN,NaN,Cyto,Anja_2016_22
140,10,0,0,0,10,0,NaN,NaN,6.462452e+00,NaN,NaN,NaN,NaN,Cyto,Anja_2016_22
120,10,0,0,0,10,0,NaN,NaN,4.879765e+00,NaN,NaN,NaN,NaN,Cyto,Anja_2016_22
160,10,0,0,0,10,0,NaN,NaN,7.164070e+00,NaN,NaN,NaN,NaN,Cyto,Anja_2016_22
180,10,0,0,0,10,0,NaN,NaN,5.853699e+00,NaN,NaN,NaN,NaN,Cyto,Anja_2016_22
200,10,0,0,0,10,0,NaN,NaN,5.281450e+00,NaN,NaN,NaN,NaN,Cyto,Anja_2016_22
20,10,0,0,500,10,0,NaN,NaN,2.456808e+01,NaN,NaN,NaN,NaN,Cyto,Anja_2016_22
100,10,0,0,500,10,0,NaN,NaN,1.858887e+00,NaN,NaN,NaN,NaN,Cyto,Anja_2016_22
120,10,0,0,500,10,0,NaN,NaN,1.562282e+00,NaN,NaN,NaN,NaN,Cyto,Anja_2016_22
140,10,0,0,500,10,0,NaN,NaN,1.633156e+00,NaN,NaN,NaN,NaN,Cyto,Anja_2016_22
160,10,0,0,500,10,0,NaN,NaN,1.330605e+00,NaN,NaN,NaN,NaN,Cyto,Anja_2016_22
180,10,0,0,500,10,0,NaN,NaN,1.351700e+00,NaN,NaN,NaN,NaN,Cyto,Anja_2016_22
200,10,0,0,500,10,0,NaN,NaN,1.947490e+00,NaN,NaN,NaN,NaN,Cyto,Anja_2016_22
0,11,0,0,0,10,0,NaN,NaN,NaN,1.800723e+00,NaN,NaN,NaN,Nuc,Anja_2016_22
0,11,0,0,0,10,0,NaN,NaN,4.347985e+00,NaN,NaN,NaN,NaN,Cyto,Anja_2016_22
20,11,0,0,0,10,0,NaN,NaN,NaN,2.155619e+01,NaN,NaN,NaN,Nuc,Anja_2016_22
100,11,0,0,0,10,0,NaN,NaN,NaN,2.323603e+00,NaN,NaN,NaN,Nuc,Anja_2016_22
140,11,0,0,0,10,0,NaN,NaN,NaN,3.017965e+00,NaN,NaN,NaN,Nuc,Anja_2016_22
120,11,0,0,0,10,0,NaN,NaN,NaN,2.844697e+00,NaN,NaN,NaN,Nuc,Anja_2016_22
160,11,0,0,0,10,0,NaN,NaN,NaN,4.483492e+00,NaN,NaN,NaN,Nuc,Anja_2016_22
180,11,0,0,0,10,0,NaN,NaN,NaN,4.306809e+00,NaN,NaN,NaN,Nuc,Anja_2016_22
200,11,0,0,0,10,0,NaN,NaN,NaN,5.073210e+00,NaN,NaN,NaN,Nuc,Anja_2016_22
20,11,0,0,500,10,0,NaN,NaN,NaN,2.190107e+01,NaN,NaN,NaN,Nuc,Anja_2016_22
100,11,0,0,500,10,0,NaN,NaN,NaN,1.449174e+00,NaN,NaN,NaN,Nuc,Anja_2016_22
120,11,0,0,500,10,0,NaN,NaN,NaN,2.828043e+00,NaN,NaN,NaN,Nuc,Anja_2016_22
140,11,0,0,500,10,0,NaN,NaN,NaN,1.270063e+00,NaN,NaN,NaN,Nuc,Anja_2016_22
160,11,0,0,500,10,0,NaN,NaN,NaN,1.709253e+00,NaN,NaN,NaN,Nuc,Anja_2016_22
180,11,0,0,500,10,0,NaN,NaN,NaN,1.287395e+00,NaN,NaN,NaN,Nuc,Anja_2016_22
200,11,0,0,500,10,0,NaN,NaN,NaN,1.931552e+00,NaN,NaN,NaN,Nuc,Anja_2016_22
0,12,0,0,0,10,0,NaN,NaN,NaN,7.406376e-01,NaN,NaN,NaN,Nuc,Anja_2016_23
0,12,0,0,0,10,0,NaN,NaN,1.807163e+00,NaN,NaN,NaN,NaN,Cyto,Anja_2016_23
20,12,0,0,0,10,0,NaN,NaN,2.351166e+01,NaN,NaN,NaN,NaN,Cyto,Anja_2016_23
100,12,0,0,0,10,0,NaN,NaN,3.166223e+00,NaN,NaN,NaN,NaN,Cyto,Anja_2016_23
140,12,0,0,0,10,0,NaN,NaN,3.317172e+00,NaN,NaN,NaN,NaN,Cyto,Anja_2016_23
120,12,0,0,0,10,0,NaN,NaN,2.255396e+00,NaN,NaN,NaN,NaN,Cyto,Anja_2016_23
160,12,0,0,0,10,0,NaN,NaN,3.729771e+00,NaN,NaN,NaN,NaN,Cyto,Anja_2016_23
180,12,0,0,0,10,0,NaN,NaN,2.928508e+00,NaN,NaN,NaN,NaN,Cyto,Anja_2016_23
200,12,0,0,0,10,0,NaN,NaN,4.423715e+00,NaN,NaN,NaN,NaN,Cyto,Anja_2016_23
20,12,0,0,500,10,0,NaN,NaN,2.217397e+01,NaN,NaN,NaN,NaN,Cyto,Anja_2016_23
100,12,0,0,500,10,0,NaN,NaN,1.105468e+00,NaN,NaN,NaN,NaN,Cyto,Anja_2016_23
120,12,0,0,500,10,0,NaN,NaN,7.093758e-01,NaN,NaN,NaN,NaN,Cyto,Anja_2016_23
140,12,0,0,500,10,0,NaN,NaN,6.987069e-01,NaN,NaN,NaN,NaN,Cyto,Anja_2016_23
160,12,0,0,500,10,0,NaN,NaN,8.327351e-01,NaN,NaN,NaN,NaN,Cyto,Anja_2016_23
180,12,0,0,500,10,0,NaN,NaN,1.001253e+00,NaN,NaN,NaN,NaN,Cyto,Anja_2016_23
200,12,0,0,500,10,0,NaN,NaN,1.075821e+00,NaN,NaN,NaN,NaN,Cyto,Anja_2016_23
0,13,0,0,0,10,0,NaN,NaN,NaN,1.310483e+00,NaN,NaN,NaN,Nuc,Anja_2016_23
0,13,0,0,0,10,0,NaN,NaN,3.858225e+00,NaN,NaN,NaN,NaN,Cyto,Anja_2016_23
20,13,0,0,0,10,0,NaN,NaN,NaN,1.231961e+01,NaN,NaN,NaN,Nuc,Anja_2016_23
100,13,0,0,0,10,0,NaN,NaN,NaN,2.681308e+00,NaN,NaN,NaN,Nuc,Anja_2016_23
140,13,0,0,0,10,0,NaN,NaN,NaN,1.823984e+00,NaN,NaN,NaN,Nuc,Anja_2016_23
120,13,0,0,0,10,0,NaN,NaN,NaN,4.504557e+00,NaN,NaN,NaN,Nuc,Anja_2016_23
160,13,0,0,0,10,0,NaN,NaN,NaN,5.196568e+00,NaN,NaN,NaN,Nuc,Anja_2016_23
180,13,0,0,0,10,0,NaN,NaN,NaN,5.737667e+00,NaN,NaN,NaN,Nuc,Anja_2016_23
200,13,0,0,0,10,0,NaN,NaN,NaN,6.739345e+00,NaN,NaN,NaN,Nuc,Anja_2016_23
20,13,0,0,500,10,0,NaN,NaN,NaN,1.961932e+01,NaN,NaN,NaN,Nuc,Anja_2016_23
100,13,0,0,500,10,0,NaN,NaN,NaN,1.422433e+00,NaN,NaN,NaN,Nuc,Anja_2016_23
120,13,0,0,500,10,0,NaN,NaN,NaN,1.718356e+00,NaN,NaN,NaN,Nuc,Anja_2016_23
140,13,0,0,500,10,0,NaN,NaN,NaN,1.288838e+00,NaN,NaN,NaN,Nuc,Anja_2016_23
160,13,0,0,500,10,0,NaN,NaN,NaN,1.329223e+00,NaN,NaN,NaN,Nuc,Anja_2016_23
180,13,0,0,500,10,0,NaN,NaN,NaN,1.589888e+00,NaN,NaN,NaN,Nuc,Anja_2016_23
200,13,0,0,500,10,0,NaN,NaN,NaN,9.689853e-01,NaN,NaN,NaN,Nuc,Anja_2016_23
0,15,0,0,0,10,0,NaN,NaN,NaN,3.856050e+00,NaN,NaN,6.182044e+00,NaN,Anja_2015_46
0,15,0,0,0,10,0,NaN,NaN,2.185156e+00,NaN,NaN,3.197767e+01,NaN,NaN,Anja_2015_46
5,15,0,0,0,10,0,NaN,NaN,2.104831e+01,NaN,NaN,2.091146e+01,NaN,NaN,Anja_2015_46
10,15,0,0,0,10,0,NaN,NaN,2.301595e+01,NaN,NaN,2.630632e+01,NaN,NaN,Anja_2015_46
20,15,0,0,0,10,0,NaN,NaN,1.590011e+01,NaN,NaN,2.735151e+01,NaN,NaN,Anja_2015_46
30,15,0,0,0,10,0,NaN,NaN,1.383292e+01,NaN,NaN,1.819672e+01,NaN,NaN,Anja_2015_46
40,15,0,0,0,10,0,NaN,NaN,1.657837e+01,NaN,NaN,3.360716e+01,NaN,NaN,Anja_2015_46
50,15,0,0,0,10,0,NaN,NaN,4.550061e+00,NaN,NaN,3.176972e+01,NaN,NaN,Anja_2015_46
60,15,0,0,0,10,0,NaN,NaN,4.599878e+00,NaN,NaN,2.893700e+01,NaN,NaN,Anja_2015_46
70,15,0,0,0,10,0,NaN,NaN,1.454893e+00,NaN,NaN,3.299512e+01,NaN,NaN,Anja_2015_46
90,15,0,0,0,10,0,NaN,NaN,2.438593e+00,NaN,NaN,2.269949e+01,NaN,NaN,Anja_2015_46
5,15,0,0,500,10,0,NaN,NaN,1.451613e+01,NaN,NaN,2.250001e+01,NaN,NaN,Anja_2015_46
10,15,0,0,500,10,0,NaN,NaN,2.429058e+01,NaN,NaN,2.352757e+01,NaN,NaN,Anja_2015_46
20,15,0,0,500,10,0,NaN,NaN,2.346772e+01,NaN,NaN,1.691529e+01,NaN,NaN,Anja_2015_46
30,15,0,0,500,10,0,NaN,NaN,2.357878e+01,NaN,NaN,3.433023e+01,NaN,NaN,Anja_2015_46
40,15,0,0,500,10,0,NaN,NaN,1.519111e+01,NaN,NaN,3.800574e+01,NaN,NaN,Anja_2015_46
50,15,0,0,500,10,0,NaN,NaN,1.080783e+01,NaN,NaN,3.520321e+01,NaN,NaN,Anja_2015_46
60,15,0,0,500,10,0,NaN,NaN,5.796004e+00,NaN,NaN,2.926782e+01,NaN,NaN,Anja_2015_46
70,15,0,0,500,10,0,NaN,NaN,3.423154e+00,NaN,NaN,3.387927e+01,NaN,NaN,Anja_2015_46
90,15,0,0,500,10,0,NaN,NaN,2.910610e+00,NaN,NaN,3.371936e+01,NaN,NaN,Anja_2015_46
0,16,0,0,0,10,0,NaN,NaN,NaN,4.112588e+00,NaN,NaN,8.946488e+00,NaN,Anja_2015_46
0,16,0,0,0,10,0,NaN,NaN,1.520178e+00,NaN,NaN,4.190763e+01,NaN,NaN,Anja_2015_46
5,16,0,0,0,10,0,NaN,NaN,NaN,2.010951e+01,NaN,NaN,1.823803e+01,NaN,Anja_2015_46
10,16,0,0,0,10,0,NaN,NaN,NaN,2.442310e+01,NaN,NaN,2.909974e+01,NaN,Anja_2015_46
20,16,0,0,0,10,0,NaN,NaN,NaN,3.151568e+01,NaN,NaN,2.670410e+01,NaN,Anja_2015_46
30,16,0,0,0,10,0,NaN,NaN,NaN,2.337034e+01,NaN,NaN,2.167168e+01,NaN,Anja_2015_46
40,16,0,0,0,10,0,NaN,NaN,NaN,1.300102e+01,NaN,NaN,1.772236e+01,NaN,Anja_2015_46
50,16,0,0,0,10,0,NaN,NaN,NaN,6.632280e+00,NaN,NaN,8.937982e+00,NaN,Anja_2015_46
60,16,0,0,0,10,0,NaN,NaN,NaN,4.398678e+00,NaN,NaN,1.037453e+01,NaN,Anja_2015_46
70,16,0,0,0,10,0,NaN,NaN,NaN,4.046428e+00,NaN,NaN,8.590266e+00,NaN,Anja_2015_46
90,16,0,0,0,10,0,NaN,NaN,NaN,2.046553e+00,NaN,NaN,7.861926e+00,NaN,Anja_2015_46
5,16,0,0,500,10,0,NaN,NaN,NaN,1.485691e+01,NaN,NaN,2.457411e+01,NaN,Anja_2015_46
10,16,0,0,500,10,0,NaN,NaN,NaN,3.158564e+01,NaN,NaN,2.719721e+01,NaN,Anja_2015_46
20,16,0,0,500,10,0,NaN,NaN,NaN,2.340484e+01,NaN,NaN,2.821913e+01,NaN,Anja_2015_46
30,16,0,0,500,10,0,NaN,NaN,NaN,2.015249e+01,NaN,NaN,2.446885e+01,NaN,Anja_2015_46
40,16,0,0,500,10,0,NaN,NaN,NaN,1.977549e+01,NaN,NaN,2.110419e+01,NaN,Anja_2015_46
50,16,0,0,500,10,0,NaN,NaN,NaN,8.909184e+00,NaN,NaN,9.516758e+00,NaN,Anja_2015_46
60,16,0,0,500,10,0,NaN,NaN,NaN,6.245284e+00,NaN,NaN,8.965095e+00,NaN,Anja_2015_46
70,16,0,0,500,10,0,NaN,NaN,NaN,3.330372e+00,NaN,NaN,9.042038e+00,NaN,Anja_2015_46
90,16,0,0,500,10,0,NaN,NaN,NaN,2.351233e+00,NaN,NaN,6.526681e+00,NaN,Anja_2015_46
0,18,0,0,0,0,0,9.423480e+00,7.977139e-01,NaN,NaN,NaN,NaN,NaN,NaN,Anja_2017_25
30,18,0,25,0,0,0,1.445229e+01,3.518215e-01,NaN,NaN,NaN,NaN,NaN,NaN,Anja_2017_25
60,18,0,25,0,0,0,2.626975e+01,2.477773e-01,NaN,NaN,NaN,NaN,NaN,NaN,Anja_2017_25
240,18,0,25,0,0,0,1.195735e+01,4.597703e-01,NaN,NaN,NaN,NaN,NaN,NaN,Anja_2017_25
30,18,0,0,500,0,0,9.846354e+00,3.534935e-01,NaN,NaN,NaN,NaN,NaN,NaN,Anja_2017_25
60,18,0,0,500,0,0,1.094180e+01,3.692547e-01,NaN,NaN,NaN,NaN,NaN,NaN,Anja_2017_25
240,18,0,0,500,0,0,8.399834e+00,4.090374e-01,NaN,NaN,NaN,NaN,NaN,NaN,Anja_2017_25
30,18,0,0,500,10,0,8.569271e+00,1.306417e+01,NaN,NaN,NaN,NaN,NaN,NaN,Anja_2017_25
60,18,0,0,500,10,0,1.443687e+01,4.831975e+00,NaN,NaN,NaN,NaN,NaN,NaN,Anja_2017_25
240,18,0,0,500,10,0,1.574476e+01,1.348249e+00,NaN,NaN,NaN,NaN,NaN,NaN,Anja_2017_25
0,20,0,0,0,0,0,8.633489e+00,1.394031e+00,NaN,NaN,NaN,NaN,NaN,NaN,Anja_2018_05
30,20,0,0,0,10,0,7.575986e+00,2.126755e+01,NaN,NaN,NaN,NaN,NaN,NaN,Anja_2018_05
60,20,0,0,0,10,0,1.100655e+01,3.346977e+00,NaN,NaN,NaN,NaN,NaN,NaN,Anja_2018_05
120,20,0,0,0,10,0,1.295182e+01,3.073029e+00,NaN,NaN,NaN,NaN,NaN,NaN,Anja_2018_05
240,20,0,0,0,10,0,6.638311e+00,5.015208e+00,NaN,NaN,NaN,NaN,NaN,NaN,Anja_2018_05
30,20,10,0,0,0,0,8.140764e+00,1.106963e+00,NaN,NaN,NaN,NaN,NaN,NaN,Anja_2018_05
60,20,10,0,0,0,0,1.615002e+01,9.394479e-01,NaN,NaN,NaN,NaN,NaN,NaN,Anja_2018_05
120,20,10,0,0,0,0,1.544728e+01,3.865075e-01,NaN,NaN,NaN,NaN,NaN,NaN,Anja_2018_05
240,20,10,0,0,0,0,3.452540e+00,4.231170e-01,NaN,NaN,NaN,NaN,NaN,NaN,Anja_2018_05
30,20,10,0,0,10,0,8.117024e+00,1.594217e+01,NaN,NaN,NaN,NaN,NaN,NaN,Anja_2018_05
60,20,10,0,0,10,0,1.543992e+01,8.775144e+00,NaN,NaN,NaN,NaN,NaN,NaN,Anja_2018_05
120,20,10,0,0,10,0,1.473052e+01,6.938194e-01,NaN,NaN,NaN,NaN,NaN,NaN,Anja_2018_05
240,20,10,0,0,10,0,2.958182e+00,6.547387e-01,NaN,NaN,NaN,NaN,NaN,NaN,Anja_2018_05
30,20,0,25,0,0,0,5.106666e+00,9.141703e-01,NaN,NaN,NaN,NaN,NaN,NaN,Anja_2018_05
60,20,0,25,0,0,0,1.879803e+01,1.643249e+00,NaN,NaN,NaN,NaN,NaN,NaN,Anja_2018_05
120,20,0,25,0,0,0,3.836990e+01,1.448950e+00,NaN,NaN,NaN,NaN,NaN,NaN,Anja_2018_05
240,20,0,25,0,0,0,2.377002e+01,1.437179e+00,NaN,NaN,NaN,NaN,NaN,NaN,Anja_2018_05
30,20,10,0,0,10,500,2.978754e-01,1.959513e+01,NaN,NaN,NaN,NaN,NaN,NaN,Anja_2018_05
60,20,10,0,0,10,500,3.980709e-01,6.444047e+00,NaN,NaN,NaN,NaN,NaN,NaN,Anja_2018_05
120,20,10,0,0,10,500,1.780538e-01,4.235078e-01,NaN,NaN,NaN,NaN,NaN,NaN,Anja_2018_05
240,20,10,0,0,10,500,3.665745e-01,8.657009e-01,NaN,NaN,NaN,NaN,NaN,NaN,Anja_2018_05
0,21,0,0,0,0,0,9.146289e+00,9.608975e-01,NaN,NaN,NaN,NaN,NaN,NaN,Anja_2018_03
30,21,0,0,0,10,0,7.929633e+00,9.210069e+00,NaN,NaN,NaN,NaN,NaN,NaN,Anja_2018_03
60,21,0,0,0,10,0,9.281824e+00,2.252619e+00,NaN,NaN,NaN,NaN,NaN,NaN,Anja_2018_03
120,21,0,0,0,10,0,8.036169e+00,2.068765e+00,NaN,NaN,NaN,NaN,NaN,NaN,Anja_2018_03
240,21,0,0,0,10,0,8.764094e+00,4.577779e+00,NaN,NaN,NaN,NaN,NaN,NaN,Anja_2018_03
30,21,10,0,0,0,0,1.013249e+01,1.149782e+00,NaN,NaN,NaN,NaN,NaN,NaN,Anja_2018_03
60,21,10,0,0,0,0,1.727622e+01,1.560291e+00,NaN,NaN,NaN,NaN,NaN,NaN,Anja_2018_03
120,21,10,0,0,0,0,1.450395e+01,1.273230e+00,NaN,NaN,NaN,NaN,NaN,NaN,Anja_2018_03
240,21,10,0,0,0,0,5.260196e+00,6.213668e-01,NaN,NaN,NaN,NaN,NaN,NaN,Anja_2018_03
30,21,10,0,0,10,0,1.263874e+01,1.140720e+01,NaN,NaN,NaN,NaN,NaN,NaN,Anja_2018_03
60,21,10,0,0,10,0,1.400369e+01,3.621307e+00,NaN,NaN,NaN,NaN,NaN,NaN,Anja_2018_03
120,21,10,0,0,10,0,1.583916e+01,1.564857e+00,NaN,NaN,NaN,NaN,NaN,NaN,Anja_2018_03
240,21,10,0,0,10,0,6.715829e+00,9.128692e-01,NaN,NaN,NaN,NaN,NaN,NaN,Anja_2018_03
30,21,0,25,0,0,0,9.441882e+00,9.037180e-01,NaN,NaN,NaN,NaN,NaN,NaN,Anja_2018_03
60,21,0,25,0,0,0,2.064544e+01,2.701314e+00,NaN,NaN,NaN,NaN,NaN,NaN,Anja_2018_03
120,21,0,25,0,0,0,2.706980e+01,9.687728e-01,NaN,NaN,NaN,NaN,NaN,NaN,Anja_2018_03
240,21,0,25,0,0,0,3.589637e+01,1.406527e+00,NaN,NaN,NaN,NaN,NaN,NaN,Anja_2018_03
30,21,10,0,0,10,500,9.038460e-01,9.291720e+00,NaN,NaN,NaN,NaN,NaN,NaN,Anja_2018_03
60,21,10,0,0,10,500,8.901314e-01,4.931661e+00,NaN,NaN,NaN,NaN,NaN,NaN,Anja_2018_03
120,21,10,0,0,10,500,4.978638e-01,7.847362e-01,NaN,NaN,NaN,NaN,NaN,NaN,Anja_2018_03
240,21,10,0,0,10,500,2.098720e-01,4.799752e-01,NaN,NaN,NaN,NaN,NaN,NaN,Anja_2018_03
0,22,0,0,0,0,0,1.029822e+01,1.804533e+00,NaN,NaN,NaN,NaN,NaN,NaN,Anja_2017_42
30,22,0,0,0,10,0,1.363227e+01,2.969151e+01,NaN,NaN,NaN,NaN,NaN,NaN,Anja_2017_42
60,22,0,0,0,10,0,1.262509e+01,4.515831e+00,NaN,NaN,NaN,NaN,NaN,NaN,Anja_2017_42
120,22,0,0,0,10,0,1.105388e+01,8.802791e+00,NaN,NaN,NaN,NaN,NaN,NaN,Anja_2017_42
240,22,0,0,0,10,0,1.084931e+01,8.926027e+00,NaN,NaN,NaN,NaN,NaN,NaN,Anja_2017_42
30,22,10,0,0,0,0,1.393909e+01,8.025817e-01,NaN,NaN,NaN,NaN,NaN,NaN,Anja_2017_42
60,22,10,0,0,0,0,1.468018e+01,9.202987e-01,NaN,NaN,NaN,NaN,NaN,NaN,Anja_2017_42
120,22,10,0,0,0,0,1.932646e+01,1.113616e+00,NaN,NaN,NaN,NaN,NaN,NaN,Anja_2017_42
240,22,10,0,0,0,0,4.919791e+00,1.202115e-01,NaN,NaN,NaN,NaN,NaN,NaN,Anja_2017_42
30,22,10,0,0,10,0,1.084956e+01,3.328150e+01,NaN,NaN,NaN,NaN,NaN,NaN,Anja_2017_42
60,22,10,0,0,10,0,2.393559e+01,9.332631e+00,NaN,NaN,NaN,NaN,NaN,NaN,Anja_2017_42
120,22,10,0,0,10,0,2.323275e+01,1.622393e+00,NaN,NaN,NaN,NaN,NaN,NaN,Anja_2017_42
240,22,10,0,0,10,0,4.971381e+00,6.986245e-01,NaN,NaN,NaN,NaN,NaN,NaN,Anja_2017_42
30,22,0,25,0,0,0,1.318054e+01,1.614983e+00,NaN,NaN,NaN,NaN,NaN,NaN,Anja_2017_42
60,22,0,25,0,0,0,2.841185e+01,1.111376e+00,NaN,NaN,NaN,NaN,NaN,NaN,Anja_2017_42
120,22,0,25,0,0,0,6.909240e+01,2.339806e+00,NaN,NaN,NaN,NaN,NaN,NaN,Anja_2017_42
240,22,0,25,0,0,0,4.967118e+01,1.394476e+00,NaN,NaN,NaN,NaN,NaN,NaN,Anja_2017_42
0,24,0,0,0,0,0,2.509553e+00,1.240670e+00,NaN,NaN,1.000000e-06,NaN,NaN,NaN,Anja_2017_31
20,24,0,0,0,10,0,1.111458e+00,3.847321e+01,NaN,NaN,1.000000e-06,NaN,NaN,NaN,Anja_2017_31
40,24,0,0,0,10,0,7.084455e-01,8.971179e+00,NaN,NaN,1.000000e-06,NaN,NaN,NaN,Anja_2017_31
60,24,0,0,0,10,0,7.701467e-01,4.846312e+00,NaN,NaN,1.000000e-06,NaN,NaN,NaN,Anja_2017_31
120,24,0,0,0,10,0,9.899947e-01,2.082294e+00,NaN,NaN,1.000000e-06,NaN,NaN,NaN,Anja_2017_31
20,24,0,0,500,10,0,7.525088e-01,2.588343e+01,NaN,NaN,1.000000e-06,NaN,NaN,NaN,Anja_2017_31
40,24,0,0,500,10,0,1.166965e+00,1.482991e+01,NaN,NaN,1.000000e-06,NaN,NaN,NaN,Anja_2017_31
60,24,0,0,500,10,0,1.271299e+00,4.007509e+00,NaN,NaN,1.000000e-06,NaN,NaN,NaN,Anja_2017_31
120,24,0,0,500,10,0,3.834146e-01,1.181155e+00,NaN,NaN,1.000000e-06,NaN,NaN,NaN,Anja_2017_31
20,24,0,0,500,10,500,2.624589e-01,2.582169e+01,NaN,NaN,1.000000e-06,NaN,NaN,NaN,Anja_2017_31
40,24,0,0,500,10,500,3.479137e-01,2.750144e+01,NaN,NaN,1.000000e-06,NaN,NaN,NaN,Anja_2017_31
60,24,0,0,500,10,500,2.642151e-01,8.907220e+00,NaN,NaN,1.000000e-06,NaN,NaN,NaN,Anja_2017_31
120,24,0,0,500,10,500,1.737209e-01,1.070904e+00,NaN,NaN,1.000000e-06,NaN,NaN,NaN,Anja_2017_31
20,24,0,0,0,0,500,2.909815e-01,1.215861e+00,NaN,NaN,1.000000e-06,NaN,NaN,NaN,Anja_2017_31
40,24,0,0,0,0,500,2.211083e-01,1.211442e+00,NaN,NaN,1.000000e-06,NaN,NaN,NaN,Anja_2017_31
60,24,0,0,0,0,500,2.992644e-01,1.011230e+00,NaN,NaN,1.000000e-06,NaN,NaN,NaN,Anja_2017_31
120,24,0,0,0,0,500,2.462347e-01,1.053756e+00,NaN,NaN,1.000000e-06,NaN,NaN,NaN,Anja_2017_31
0,25,0,0,0,0,0,4.968222e+00,9.935961e-01,NaN,NaN,1.000000e-06,NaN,NaN,NaN,Anja_2017_32
20,25,0,0,500,10,0,9.083081e+00,1.328017e+01,NaN,NaN,1.000000e-06,NaN,NaN,NaN,Anja_2017_32
40,25,0,0,500,10,0,6.746127e+00,5.830487e+00,NaN,NaN,1.000000e-06,NaN,NaN,NaN,Anja_2017_32
60,25,0,0,500,10,0,1.169612e+01,3.726956e+00,NaN,NaN,1.000000e-06,NaN,NaN,NaN,Anja_2017_32
120,25,0,0,500,10,0,8.282208e+00,1.203386e+00,NaN,NaN,1.000000e-06,NaN,NaN,NaN,Anja_2017_32
20,25,0,0,500,10,500,1.420559e+00,2.021658e+01,NaN,NaN,1.000000e-06,NaN,NaN,NaN,Anja_2017_32
40,25,0,0,500,10,500,9.699514e-01,1.017901e+01,NaN,NaN,1.000000e-06,NaN,NaN,NaN,Anja_2017_32
60,25,0,0,500,10,500,1.775047e-01,1.649823e+00,NaN,NaN,1.000000e-06,NaN,NaN,NaN,Anja_2017_32
120,25,0,0,500,10,500,8.561920e-01,1.068947e+00,NaN,NaN,1.000000e-06,NaN,NaN,NaN,Anja_2017_32
20,25,0,25,0,0,0,9.692178e+00,1.696120e+00,NaN,NaN,1.000000e-06,NaN,NaN,NaN,Anja_2017_32
40,25,0,25,0,0,0,2.184427e+01,1.142568e+00,NaN,NaN,1.000000e-06,NaN,NaN,NaN,Anja_2017_32
60,25,0,25,0,0,0,4.760990e+01,1.187590e+00,NaN,NaN,1.000000e-06,NaN,NaN,NaN,Anja_2017_32
120,25,0,25,0,0,0,4.350754e+01,2.042831e+00,NaN,NaN,1.000000e-06,NaN,NaN,NaN,Anja_2017_32
20,25,0,25,0,0,500,9.886430e-01,1.540573e+00,NaN,NaN,1.000000e-06,NaN,NaN,NaN,Anja_2017_32
40,25,0,25,0,0,500,9.471770e-01,4.785524e-01,NaN,NaN,1.000000e-06,NaN,NaN,NaN,Anja_2017_32
60,25,0,25,0,0,500,7.233794e-01,1.890286e+00,NaN,NaN,1.000000e-06,NaN,NaN,NaN,Anja_2017_32
120,25,0,25,0,0,500,1.741012e+00,1.301385e+00,NaN,NaN,1.000000e-06,NaN,NaN,NaN,Anja_2017_32
20,25,0,0,0,10,0,8.982294e+00,2.444434e+01,NaN,NaN,1.000000e-06,NaN,NaN,NaN,Anja_2017_32
40,25,0,0,0,10,0,7.405707e+00,9.072920e+00,NaN,NaN,1.000000e-06,NaN,NaN,NaN,Anja_2017_32
60,25,0,0,0,10,0,1.098961e+01,3.506224e+00,NaN,NaN,1.000000e-06,NaN,NaN,NaN,Anja_2017_32
120,25,0,0,0,10,0,1.045612e+01,1.914317e+00,NaN,NaN,1.000000e-06,NaN,NaN,NaN,Anja_2017_32
0,26,0,0,0,0,0,3.204558e+01,5.793122e-01,NaN,NaN,1.000000e-06,NaN,NaN,NaN,Anja_2017_33
20,26,0,0,0,10,0,2.649591e+01,2.524462e+01,NaN,NaN,1.000000e-06,NaN,NaN,NaN,Anja_2017_33
40,26,0,0,0,10,0,3.531416e+01,1.510188e+01,NaN,NaN,1.000000e-06,NaN,NaN,NaN,Anja_2017_33
60,26,0,0,0,10,0,3.007429e+01,4.630472e+00,NaN,NaN,1.000000e-06,NaN,NaN,NaN,Anja_2017_33
120,26,0,0,0,10,0,4.567013e+01,2.640701e+00,NaN,NaN,1.000000e-06,NaN,NaN,NaN,Anja_2017_33
20,26,0,0,500,10,0,3.479677e+01,2.753017e+01,NaN,NaN,1.000000e-06,NaN,NaN,NaN,Anja_2017_33
40,26,0,0,500,10,0,5.250877e+01,1.382833e+01,NaN,NaN,1.000000e-06,NaN,NaN,NaN,Anja_2017_33
60,26,0,0,500,10,0,2.938132e+01,3.564390e+00,NaN,NaN,1.000000e-06,NaN,NaN,NaN,Anja_2017_33
120,26,0,0,500,10,0,4.480534e+01,6.829660e-01,NaN,NaN,1.000000e-06,NaN,NaN,NaN,Anja_2017_33
20,26,0,0,500,10,500,3.158120e+00,1.374777e+01,NaN,NaN,1.000000e-06,NaN,NaN,NaN,Anja_2017_33
40,26,0,0,500,10,500,3.811868e+00,1.262451e+01,NaN,NaN,1.000000e-06,NaN,NaN,NaN,Anja_2017_33
60,26,0,0,500,10,500,4.327933e+00,6.061065e+00,NaN,NaN,1.000000e-06,NaN,NaN,NaN,Anja_2017_33
120,26,0,0,500,10,500,1.372988e+00,6.223116e-01,NaN,NaN,1.000000e-06,NaN,NaN,NaN,Anja_2017_33
20,26,0,0,0,0,500,3.490011e+00,1.813855e-01,NaN,NaN,1.000000e-06,NaN,NaN,NaN,Anja_2017_33
40,26,0,0,0,0,500,1.563030e+00,3.460517e-01,NaN,NaN,1.000000e-06,NaN,NaN,NaN,Anja_2017_33
60,26,0,0,0,0,500,2.144794e+00,7.067359e-01,NaN,NaN,1.000000e-06,NaN,NaN,NaN,Anja_2017_33
120,26,0,0,0,0,500,1.778153e+00,3.077407e-01,NaN,NaN,1.000000e-06,NaN,NaN,NaN,Anja_2017_33
0,27,0,0,0,0,0,1.451923e+01,8.399317e-01,NaN,NaN,1.000000e-06,NaN,NaN,NaN,Anja_2017_38
20,27,0,0,0,10,0,1.105971e+01,1.988502e+01,NaN,NaN,1.000000e-06,NaN,NaN,NaN,Anja_2017_38
40,27,0,0,0,10,0,1.076355e+01,5.198572e+00,NaN,NaN,1.000000e-06,NaN,NaN,NaN,Anja_2017_38
60,27,0,0,0,10,0,1.161613e+01,2.354889e+00,NaN,NaN,1.000000e-06,NaN,NaN,NaN,Anja_2017_38
120,27,0,0,0,10,0,1.182959e+01,2.484652e+00,NaN,NaN,1.000000e-06,NaN,NaN,NaN,Anja_2017_38
20,27,0,0,500,10,0,7.349929e+00,1.631354e+01,NaN,NaN,1.000000e-06,NaN,NaN,NaN,Anja_2017_38
40,27,0,0,500,10,0,1.711839e+01,9.127467e+00,NaN,NaN,1.000000e-06,NaN,NaN,NaN,Anja_2017_38
60,27,0,0,500,10,0,2.018772e+01,3.927646e+00,NaN,NaN,1.000000e-06,NaN,NaN,NaN,Anja_2017_38
120,27,0,0,500,10,0,2.295543e+01,5.929611e-01,NaN,NaN,1.000000e-06,NaN,NaN,NaN,Anja_2017_38
20,27,0,0,500,10,500,4.721592e-01,1.418241e+01,NaN,NaN,1.000000e-06,NaN,NaN,NaN,Anja_2017_38
40,27,0,0,500,10,500,7.403698e-01,1.163088e+01,NaN,NaN,1.000000e-06,NaN,NaN,NaN,Anja_2017_38
60,27,0,0,500,10,500,4.070596e-01,4.106292e+00,NaN,NaN,1.000000e-06,NaN,NaN,NaN,Anja_2017_38
120,27,0,0,500,10,500,2.359541e-01,6.743538e-01,NaN,NaN,1.000000e-06,NaN,NaN,NaN,Anja_2017_38
